main/loss,main/nll,validation/main/loss,validation/main/nll,lr,epoch,iteration,elapsed_time
4859.853424072266,4859.853424072266,2770.350200653076,2770.350200653076,0.0009999100035999167,1,10,9.581798541010357
